<?xml version="1.0" encoding="UTF-8"?>
<beans xmlns="http://www.springframework.org/schema/beans"
	xmlns:context="http://www.springframework.org/schema/context"
	xmlns:xsi="http://www.w3.org/2001/XMLSchema-instance"
	xsi:schemaLocation="http://www.springframework.org/schema/beans     
   http://www.springframework.org/schema/beans/spring-beans-3.0.xsd
   http://www.springframework.org/schema/context 
   http://www.springframework.org/schema/context/spring-context-3.0.xsd">

	<context:annotation-config />
	<context:component-scan base-package="com.rabo.customer.statement" />

	<bean
		class="org.springframework.web.servlet.view.InternalResourceViewResolver">
		<property name="prefix" value="/WEB-INF/jsp/" />
		<property name="suffix" value=".jsp" />
	</bean>

	<bean id="statementDelegate"
		class="com.rabo.customer.statement.processor.service.impl.CustomerStatementProcessorServiceImpl">
	</bean>

	<bean id="statementService"
		class="com.rabo.customer.statement.processor.delegate.impl.CustomerStatementProcessorBusinessDelegateImpl">
	</bean>

	<bean id="multipartResolver"
		class="org.springframework.web.multipart.commons.CommonsMultipartResolver">
	</bean>

	<bean
		class="org.springframework.web.servlet.handler.SimpleMappingExceptionResolver">
		<property name="exceptionMappings">
			<props>
				<prop
					key="com.rabo.customer.statement.processor.exception.CustomerStatementProcessorException">exception</prop>
			</props>
		</property>
		<property name="defaultErrorView" value="error" />
	</bean>

</beans>